00001,Ellie,Leebetter,0601234567,59/33, Sukhumvit Rd,Klongtoey,Bangkok,10110,0004,02
00002,Lombard,Thebeau,0867890123,41/29, Ratchadapisek Rd,Huai Khwang,Bangkok,10310,0003,03
00003,Burtie,Beamand,0945678901,91/77, Praditmanutham Rd,Ladprao,Bangkok,10230,0035,02
00004,Jasmin,Purcell,0609876543,63/17, Charoen Krung Rd,Bang Rak,Bangkok,10500,0012,03
00005,Dora,Fairall,0902345678,24/50, Sathorn Rd,Bang Rak,Bangkok,10120,0025,01
00006,Annmaria,Krook,0854321098,58/86, Ramkhamhaeng Rd,Huai Khwang,Bangkok,10320,0008,02
00007,Merrilee,Hobben,0954321678,9/47, Rama IV Rd,Sathon,Bangkok,10120,0009,02
00008,Daffy,Batey,0687654321,62/28, Petchaburi Rd,Ratchathewi,Bangkok,10400,0030,02
00009,Aura,Stiven,0890123456,57/90, Samsen Rd,Dusit,Bangkok,10300,0008,01
00010,Belinda,Sampey,0976543210,70/36, Vibhavadi Rangsit Rd,Chatuchak,Bangkok,10900,0009,02
00011,Estel,Boig,0623456789,34/68, Rang Nam Rd,Phaya Thai,Bangkok,10400,0019,02
00012,Edgar,Bruno,0821098347,65/81, Prachachuen Rd,Bang Sue,Bangkok,10800,0018,01
00013,Constantina,Scarsbrook,0954321768,53/98, Pracha Uthit Rd,Huai Khwang,Bangkok,10310,0017,01
00014,Kip,Keeting,0809876543,7/75, Ratchadamnoen Ave,Phra Nakhon,Bangkok,10200,0008,03
00015,Maryanne,Castle,0705432109,67/11, Thanon Phaya Thai,Ratchathewi,Bangkok,10400,0032,01
00016,Lucille,Thorburn,0998765432,32/76, Phetkasem Rd,Bang Khae,Bangkok,10160,0016,03
00017,Sib,Migheli,0612345678,85/10, Pahonyothin Rd,Chatuchak,Bangkok,10900,0035,03
00018,Nickolai,Galer,0810987654,49/92, Thong Lo Rd,Watthana,Bangkok,10110,0043,02
00019,Ethelyn,Titcomb,0890123456,15/82, Ratchawong Rd,Samphanthawong,Bangkok,10100,0041,01
00020,Chancey,Moral,0932109876,8/79, Srinakarin Rd,Nong Bon,Bangkok,10250,0026,01
00021,Ceil,Gotcliffe,0912345678,81/25, Ramintra Rd,Kannayao,Bangkok,10230,0030,01
00022,Meier,Gallardo,0802109347,56/48, Charansanitwong Rd,Bang Phlat,Bangkok,10700,0028,02
00023,Valerye,Duffin,0923456789,69/31, Ramkhamhaeng Rd,Huai Khwang,Bangkok,10310,0014,01
00024,Nicholle,Hawking,0887654321,96/13, Rama I Rd,Pathum Wan,Bangkok,10330,0019,03
00025,Vania,Gislebert,0629345876,40/21, Sukhumvit Rd,Watthana,Bangkok,10110,0031,01
00026,Robenia,Itzkovwich,0965432108,66/83, New Phetchaburi Rd,Ratchathewi,Bangkok,10400,0017,02
00027,Darbie,Ziehms,0687654321,88/72, Pratunam Rd,Ratchathewi,Bangkok,10400,0039,02
00028,Reggis,Callister,0678901234,35/39, Yaowarat Rd,Samphanthawong,Bangkok,10100,0027,03
00029,Salomi,Brocklehurst,0976543210,18/4, Thanon Surawong,Samphanthawong,Bangkok,10100,0022,02
00030,Barnett,Jakoubec,0945678901,87/61, Asoke-Din Daeng Rd,Din Daeng,Bangkok,10400,0020,01
00031,Harriett,Tift,0976543210,46/71, Wireless Rd,Lumphini,Bangkok,10330,0013,03
00032,Meta,Tremoille,0998765432,37/14, Ratchadamri Rd,Lumphini,Bangkok,10330,0006,02
00033,Gonzalo,Bagwell,0832109876,19/42, Phaholyothin Rd,Sam Sen Nai, Bangkok,10400,0012,03
00034,Alecia,MacAdie,0998765432,74/22, Ratchaprarop Rd,Ratchathewi,Bangkok,10400,0020,02
00035,Lizzie,Tapsfield,0832109876,60/54, Silom Rd,Bang Rak,Bangkok,10500,0026,02
00036,Emlynne,Aupol,0976543210,45/30, Rama III Rd,Yan Nawa,Bangkok,10120,0040,01
00037,Elmore,Domoney,0945678901,23/78, Charoen Nakorn Rd,Klong San,Bangkok,10600,0042,03
00038,Carolus,Fiennes,0923456789,5/84, Lat Phrao Rd,Watthana,Bangkok,10110,0001,02
00039,Charity,Merrick,0832109876,97/20, Praram 4 Rd,Patum Wan,Bangkok,10330,0030,03
00040,Jerrilyn,Renihan,0909876543,43/55, Pramuan Rd,Bang Rak,Bangkok,10500,0005,02
00041,Cassy,McLarty,0987654321,94/38, Bangna-Trad Rd,Bang Na,Bangkok,10260,0013,01
00042,Estele,Clinkard,0932109876,26/73, Sukhumvit Soi 11,Watthana,Bangkok,10110,0015,02
00043,Liliane,Posen,0954321678,76/86, New Phetchaburi Rd,Ratchathewi,Bangkok,10400,0001,03
00044,Lilyan,Aikenhead,0945678901,48/92, Ratchaprarop Rd,Ratchathewi,Bangkok,10400,0039,03
00045,Jamima,Prangnell,0887654321,12/88, Pratunam Rd,Ratchathewi,Bangkok,10400,0031,02
00046,Hyacinthe,Murra,0912345678,80/33, Silom Rd,Bang Rak,Bangkok,10500,0032,02
00047,Rod,Domanski,0954321678,29/16, Thong Lo Soi 10,Watthana,Bangkok,10110,0023,01
00048,Wells,Pashe,0887654321,44/2, Pathum Thani - Sam Khok Road,Sam Khok,Pathum Thani,12160,0043,01
00049,Brooke,Selesnick,0832109876,51/99, Phahonyothin Road,Lam Luk Ka,Pathum Thani,12150,0003,02
00050,Gayla,Bratcher,0867890123,77/98, Bang Pa-In - Ayutthaya Road,Bang Pa-In,Phra Nakhon Si Ayutthaya,13160,0003,01
00051,Daloris,Baudacci,0902345678,38/24, Phra Nakhon Si Ayutthaya - Ang Thong Road,Phra Nakhon Si Ayutthaya,Phra Nakhon Si Ayutthaya,13000,0031,01
00052,Astrid,Harrald,0902345678,83/7, Phra Nakhon Si Ayutthaya - Nakhon Nayok Road,Phra Nakhon Si Ayutthaya,Phra Nakhon Si Ayutthaya,13000,0043,02
00053,Nap,Borres,0832109876,10/63, Nakhon Pathom - Kanchanaburi Road,Mueang Nakhon Pathom,Nakhon Pathom,73000,0018,03
00054,Misha,Ivanyukov,0887654321,68/46, Sam Phran - Nakhon Pathom Road,Sam Phran,Nakhon Pathom,73110,0035,01
00055,Dacie,Rayment,0923456789,90/31, Nakhon Pathom - Phet Kasem Road,Mueang Nakhon Pathom,Nakhon Pathom,73000,0030,03
00056,Ashton,Whiles,0965432108,54/6, Soi Sukhumvit,Lumpini,Bangkok,10330,0029,01
00057,Lennard,Cersey,0854321098,6/28,Chong Nonsi,Sathon,Bangkok,10120,0016,01
00058,Gar,Colman,0954321678,50/74, Soi Ramkhamhaeng,Wang Thonglang,Bangkok,10310,0010,03
00059,Ruddie,Truwert,0832109876,71/93,Chang Moi,Mueang,Chiang Mai,50100,0039,01
00060,Yvon,Clowley,0954321678,36/59, Soi Suthep,Mueang,Chiang Mai,50200,0013,02
00061,Stormie,Lodder,0932109876,89/47,Talat Yai,Mueang,Phuket,83000,0025,01
00062,Thorny,Hachard,0923456789,14/57, Soi Nai Harn,Mueang,Phuket,83130,0022,02
00063,Joly,Gallety,0912345678,22/51,Karon,Karon,Phuket,83100,0009,01
00064,Zack,Rudram,0887654321,84/27, Soi Bang Tao,Thalang,Phuket,83110,0031,03
00065,Lazar,McPhater,0845678901,20/65,Lamai,Mueang,Surat Thani,84000,0026,02
00066,Uriel,Korpolak,0912345678,78/34,Bophut,Ko Samui,Surat Thani,84320,0042,02
00067,Dru,McInteer,0867890123,55/67, Soi Ao Nang,Mueang,Krabi,81000,0031,03
00068,Bartholomew,Racher,0954321678,99/45, Phetchaburi Road,Ratchathewi,Bangkok,10400,0033,01
00069,Johanna,Ewers,0998765432,11/98, Rama IV Road,Klong Toey,Bangkok,10110,0028,02
00070,Camala,Cockayne,0965432108,93/3, Phaholyothin Road,Chatuchak,Bangkok,10900,0030,03
00071,Halsy,Thresh,0923456789,42/56, Silom Road,Bang Rak,Bangkok,10500,0005,03
00072,Martino,Tripett,0854321098,64/12, Yaowarat Road,Samphanthawong,Bangkok,10100,0036,01
00073,Murray,Sedcole,0976543210,79/18, Charoen Krung Road,Bang Rak,Bangkok,10500,0013,01
00074,Linn,Twitching,0867890123,27/35, Thonglor Road,Watthana,Bangkok,10110,0029,03
00075,Major,Drysdell,0809876543,47/40, Ramkhamhaeng Road,Bangkapi,Bangkok,10240,0004,02
00076,Charity,Bennike,0802109347,3/50, Sathorn Road,Sathorn,Bangkok,10120,0007,01
00077,Lizette,Montier,0912345678,75/60, Ratchadaphisek Road,Huai Khwang,Bangkok,10310,0034,03
00078,Janek,Eskriett,0887654321,17/70, Phahon Yothin Road,Chatuchak,Bangkok,10900,0019,01
00079,Alverta,Forgan,0832109876,92/89, Ekkamai Road,Watthana,Bangkok,10110,0032,01
00080,Jarret,Siggery,0945678901,30/58, Phayathai Road,Ratchathewi,Bangkok,10400,0039,01
00081,Brendis,Tesauro,0954321678,82/32, Wireless Road,Pathumwan,Bangkok,10330,0006,02
00082,Pall,Hatherill,0890123456,61/15, New Petchaburi Road,Huai Khwang,Bangkok,10310,0018,02
00083,Etta,Quadri,0945678901,52/26, Charoen Nakorn Road,Klong San,Bangkok,10600,0009,03
00084,Arabella,Condell,0912345678,98/76, Ratchaprarop Road,Ratchathewi,Bangkok,10400,0042,02
00085,Josephina,Espinheira,0832109876,4/80, Rama I Road,Pathumwan,Bangkok,10330,0015,01
00086,Yalonda,McQuilliam,0909876543,72/5, Pradipat Road,Phaya Thai,Bangkok,10400,0040,03
00087,Fae,Dodell,0890123456,25/95, Paholyothin Road,Phaya Thai,Bangkok,10400,0009,02
00088,Jourdan,Stodd,0854321098,51/87, Tha Phrajan Road,Phra Nakhon,Bangkok,10200,0015,01
00089,Evie,Olerenshaw,0887654321,37/45, Rama V Road,Dusit,Bangkok,10300,0027,01
00090,Fernandina,Aggas,0887654321,64/91, Vibhavadi Rangsit Road,Chatuchak,Bangkok,10900,0038,03
00091,Bella,Bouldstridge,0912345678,16/61, Sukhumvit Soi 63,Watthana,Bangkok,10110,0003,01
00092,Isidore,Damato,0845678901,35/94, Phetchaburi Road,Phaya Thai,Bangkok,10400,0002,02
00093,Elvira,Hoyte,0909876543,9/54, Asoke Road,Watthana,Bangkok,10110,0026,02
00094,Kristel,MacAnellye,0998765432,59/70, Srinakarin Road,Prawet,Bangkok,10250,0044,02
00095,Edgard,Brecon,0965432108,27/46, Rama II Road,Samae Dam,Samut Sakhon,74000,0022,03
00096,Lind,Fausset,0854321098,77/33, Pattanakarn Road,Suan Luang,Bangkok,10250,0020,01
00097,Frederich,Eastope,0912345678,19/98, Charoen Nakorn Road,Klong San,Bangkok,10600,0004,01
00098,Esme,Benjefield,0832109876,25/52, Suk Sawat, Bung Kum, Bangkok,10240,0010,01
00099,Evelyn,Crock,0832109876,83/20, Nakhon Phanom, Nakhon Phanom, Nakhon Phanom,48000,0023,03
00100,Karlen,Dysert,0890123456,71/11, Sri Nakhon, Nakhon Nayok, Nakhon Nayok,26000,0042,03
